codigo,descripcion,merma,precio_unidad,proveedor_precio,formato_compra,precio_original,unidad_original,fecha_precio,url_precio,observaciones_precio,lote_origen,archivo_origen
ING-0004,FOIE ESCALOPES 160G CONGELADO,,,PENDIENTE,,,,2026-06-13,,No procesado en este lote.,lote10,actualizacion_precios_lote10_panes_masas_congelados_precocinados_con_mermas.csv
ING-0006,HIGADILLOS POLLO,5.0,,PENDIENTE,,,,2026-06-13,,Higadillos de pollo no localizados con precio oficial claro.,lote03,actualizacion_precios_lote03_carnes_aves_charcuteria_con_mermas.csv
ING-0007,JAMON DE PATO MARTIKO 100G,0.0,,PENDIENTE,,,,2026-06-13,,Jamón de pato Martiko 100 g no localizado en fuentes objetivo.,lote03,actualizacion_precios_lote03_carnes_aves_charcuteria_con_mermas.csv
ING-0011,PATO FOIE CORRIENTE CONGELADO 450 G MAKRO,,,PENDIENTE,,,,2026-06-13,,No procesado en este lote.,lote10,actualizacion_precios_lote10_panes_masas_congelados_precocinados_con_mermas.csv
ING-0012,PATO FOIE ENTERO EXTRA CONGELADO 500-700G MAKRO,,,PENDIENTE,,,,2026-06-13,,No procesado en este lote.,lote10,actualizacion_precios_lote10_panes_masas_congelados_precocinados_con_mermas.csv
ING-0016,PAVO MUSLO FRESCO 350-450 G unidad jamoncito,20.0,,PENDIENTE,,,,2026-06-13,,Muslo/jamoncito de pavo fresco no localizado con precio oficial claro.,lote03,actualizacion_precios_lote03_carnes_aves_charcuteria_con_mermas.csv
ING-0017,PICADA POLLO 380G,0.0,,PENDIENTE,,,,2026-06-13,,Picada de pollo 380 g no localizada; no sustituyo por burger meat.,lote03,actualizacion_precios_lote03_carnes_aves_charcuteria_con_mermas.csv
ING-0023,POLLO MOLLEJAS,5.0,,PENDIENTE,,,,2026-06-13,,Mollejas de pollo no localizadas con precio oficial claro.,lote03,actualizacion_precios_lote03_carnes_aves_charcuteria_con_mermas.csv
ING-0027,POLLO PICANTON EXTRA mercadona 400g,35.0,,PENDIENTE,,,,2026-06-13,,Pollo picantón extra Mercadona 400 g no actualizado: requiere consulta específica Mercadona/zona.,lote03,actualizacion_precios_lote03_carnes_aves_charcuteria_con_mermas.csv
ING-0031,BABILLA entera,0.0,,PENDIENTE,,,,2026-06-13,,Fuera de lote: carne/vacuno. No actualizar en bebidas.,lote11,actualizacion_precios_lote11_bebidas_cafes_infusiones_con_mermas.csv
ING-0032,CADERA entera,0.0,,PENDIENTE,,,,2026-06-13,,Fuera de lote: carne/vacuno. No actualizar en bebidas.,lote11,actualizacion_precios_lote11_bebidas_cafes_infusiones_con_mermas.csv
ING-0033,CANAL MEDIA TERNERA,35.0,,PENDIENTE,,,,2026-06-13,,Media canal de ternera no comparable con retail; requiere proveedor cárnico profesional.,lote03,actualizacion_precios_lote03_carnes_aves_charcuteria_con_mermas.csv
ING-0040,HAMBURGUESA MINI VACUNO 25 G X 20 UNIDADES,0.0,,PENDIENTE,,,,2026-06-13,,Hamburguesa mini vacuno 25 g x20 requiere precio por caja/unidad equivalente; no actualizo con burger retail distinta.,lote03,actualizacion_precios_lote03_carnes_aves_charcuteria_con_mermas.csv
ING-0041,HIGADO TERNERA,8.0,,PENDIENTE,,,,2026-06-13,,Hígado de ternera no localizado con precio oficial claro.,lote03,actualizacion_precios_lote03_carnes_aves_charcuteria_con_mermas.csv
ING-0047,MOLLEJA DE TERNERA,8.0,,PENDIENTE,,,,2026-06-13,,Molleja de ternera no localizada con precio oficial claro.,lote03,actualizacion_precios_lote03_carnes_aves_charcuteria_con_mermas.csv
ING-0050,PATA TERNERA,35.0,,PENDIENTE,,,,2026-06-13,,Pata de ternera no localizada con precio oficial claro.,lote03,actualizacion_precios_lote03_carnes_aves_charcuteria_con_mermas.csv
ING-0060,BACON PIEZA,2.0,,PENDIENTE,,,,2026-06-13,,Bacon pieza no localizado con equivalente oficial claro; no sustituyo por panceta fresca.,lote03,actualizacion_precios_lote03_carnes_aves_charcuteria_con_mermas.csv
ING-0063,CANAL CERDO,35.0,,PENDIENTE,,,,2026-06-13,,Canal de cerdo no comparable con retail; requiere proveedor cárnico profesional.,lote03,actualizacion_precios_lote03_carnes_aves_charcuteria_con_mermas.csv
ING-0069,CHORIZO PICADILLO 800 gr,2.0,,PENDIENTE,,,,2026-06-13,,Chorizo picadillo 800 g no localizado con equivalente oficial claro.,lote03,actualizacion_precios_lote03_carnes_aves_charcuteria_con_mermas.csv
ING-0077,CODILLO FRESCO ENTERO carnisseria sonia,0.0,,PENDIENTE,,,,2026-06-13,,Fuera de lote: codillo fresco corresponde a carnes.,lote11,actualizacion_precios_lote11_bebidas_cafes_infusiones_con_mermas.csv
ING-0078,CODILLO SALMUERIZADO,0.0,,PENDIENTE,,,,2026-06-13,,Fuera de lote: codillo salmuerizado pertenece a carnes/lote03.,lote09,actualizacion_precios_lote09_almacen_seco_conservas_salsas_con_mermas.csv
ING-0085,HIGADO CERDO,8.0,,PENDIENTE,,,,2026-06-13,,Hígado de cerdo no localizado con precio oficial claro en estas fuentes.,lote03,actualizacion_precios_lote03_carnes_aves_charcuteria_con_mermas.csv
ING-0086,HUESO JAMON,0.0,,PENDIENTE,,,,2026-06-13,,"Hueso de jamón: no localizado precio oficial claro; si se usa para caldo, merma operativa 0%.",lote03,actualizacion_precios_lote03_carnes_aves_charcuteria_con_mermas.csv
ING-0088,JAMON FRESCO ENTERO PIERNA 10-15 K,15.0,,PENDIENTE,,,,2026-06-13,,Jamón fresco entero pierna no comparable con retail; requiere proveedor cárnico.,lote03,actualizacion_precios_lote03_carnes_aves_charcuteria_con_mermas.csv
ING-0089,JAMON IBERICO LONCHEADO 400G,0.0,,PENDIENTE,,,,2026-06-13,,Jamón ibérico loncheado 400 g: precio muy variable por marca/calidad; revisar proveedor exacto.,lote03,actualizacion_precios_lote03_carnes_aves_charcuteria_con_mermas.csv
ING-0095,"LOMO CERDO IBERICO CONGELADO MAKRO 2,5KG",3.0,,PENDIENTE,,,,2026-06-13,,Lomo de cerdo ibérico congelado no localizado con equivalencia suficientemente clara.,lote03,actualizacion_precios_lote03_carnes_aves_charcuteria_con_mermas.csv
ING-0099,MORCILLA IBERICA ACHORIZADA,2.0,,PENDIENTE,,,,2026-06-13,,Morcilla ibérica achorizada no localizada con precio oficial claro.,lote03,actualizacion_precios_lote03_carnes_aves_charcuteria_con_mermas.csv
ING-0103,OREJA CERDO,10.0,,PENDIENTE,,,,2026-06-13,,Oreja de cerdo no localizada con precio oficial claro en este lote.,lote03,actualizacion_precios_lote03_carnes_aves_charcuteria_con_mermas.csv
ING-0124,TOCINO ENTREVERADO IBERICO( panceta iberica) cervera,0.0,,PENDIENTE,,,,2026-06-13,,Tocino entreverado ibérico: no localizado precio oficial claro.,lote10,actualizacion_precios_lote10_panes_masas_congelados_precocinados_con_mermas.csv
ING-0126,TOCINO IBERICO (panceta iberica) loncheada cervera,0.0,,PENDIENTE,,,,2026-06-13,,Tocino ibérico loncheado: no localizado precio oficial claro.,lote10,actualizacion_precios_lote10_panes_masas_congelados_precocinados_con_mermas.csv
ING-0129,CARRE cuna de cordero lechal congelado,0.0,,PENDIENTE,,,,2026-06-13,,Carré/cuna de cordero lechal congelado: no localizado precio exacto; no sustituyo por chuletas frescas.,lote10,actualizacion_precios_lote10_panes_masas_congelados_precocinados_con_mermas.csv
ING-0137,PICADA DE CORDERO,0.0,,PENDIENTE,,,,2026-06-13,,Picada de cordero no localizada con precio oficial claro.,lote03,actualizacion_precios_lote03_carnes_aves_charcuteria_con_mermas.csv
ING-0144,ALMEJA FINA 1-2K,75.0,,PENDIENTE,,,,2026-06-13,,Almeja fina: no sustituyo por japónica/negra porque cambia calidad y precio.,lote04,actualizacion_precios_lote04_pescado_marisco_con_mermas.csv
ING-0146,ANGUILA,35.0,,PENDIENTE,,,,2026-06-13,,Anguila no localizada con precio oficial claro.,lote04,actualizacion_precios_lote04_pescado_marisco_con_mermas.csv
ING-0150,BESUGO 300G-3K,45.0,,PENDIENTE,,,,2026-06-13,,Besugo 300 g-3 kg no localizado con precio oficial claro.,lote04,actualizacion_precios_lote04_pescado_marisco_con_mermas.csv
ING-0155,CABALLA DEL NORTE,35.0,,PENDIENTE,,,,2026-06-13,,Caballa fresca no localizada; no actualizo con conserva.,lote04,actualizacion_precios_lote04_pescado_marisco_con_mermas.csv
ING-0158,CAÑAILLA de playa,80.0,,PENDIENTE,,,,2026-06-13,,Cañadilla no localizada con precio oficial claro en fuentes objetivo.,lote04,actualizacion_precios_lote04_pescado_marisco_con_mermas.csv
ING-0161,CHIPI,,,PENDIENTE,,,,2026-06-13,,No procesado en este lote.,lote04,actualizacion_precios_lote04_pescado_marisco_con_mermas.csv
ING-0162,CLOCHINA 1K,75.0,,PENDIENTE,,,,2026-06-13,,"Clochinas no localizadas en fuentes objetivo; se puede usar mejillón como referencia, pero no actualizo por diferencia de producto.",lote04,actualizacion_precios_lote04_pescado_marisco_con_mermas.csv
ING-0164,DENTON 1-5 K,45.0,,PENDIENTE,,,,2026-06-13,,Dentón 1-5 kg no localizado con precio oficial claro.,lote04,actualizacion_precios_lote04_pescado_marisco_con_mermas.csv
ING-0166,ERIZOS DE MAR 5K,85.0,,PENDIENTE,,,,2026-06-13,,Erizos de mar 5 kg no localizados con precio oficial claro.,lote04,actualizacion_precios_lote04_pescado_marisco_con_mermas.csv
ING-0167,ESPARDEÑA 1K,0.0,,PENDIENTE,,,,2026-06-13,,Espardeña no localizada con precio oficial claro.,lote04,actualizacion_precios_lote04_pescado_marisco_con_mermas.csv
ING-0169,GALLO 200-1K,45.0,,PENDIENTE,,,,2026-06-13,,Gallo 200 g-1 kg no localizado con precio oficial claro.,lote04,actualizacion_precios_lote04_pescado_marisco_con_mermas.csv
ING-0170,GALLO SAN PEDRO 1-3K,45.0,,PENDIENTE,,,,2026-06-13,,Gallo San Pedro no localizado con precio oficial claro.,lote04,actualizacion_precios_lote04_pescado_marisco_con_mermas.csv
ING-0171,HUEVAS DE MERLUZA,,,PENDIENTE,,,,2026-06-13,,No procesado en este lote.,lote04,actualizacion_precios_lote04_pescado_marisco_con_mermas.csv
ING-0172,JUREL/ TXITXARRO,35.0,,PENDIENTE,,,,2026-06-13,,Jurel/txitxarro no localizado con precio oficial claro.,lote04,actualizacion_precios_lote04_pescado_marisco_con_mermas.csv
ING-0178,MERO GRIS,45.0,,PENDIENTE,,,,2026-06-13,,Mero gris no localizado con precio oficial claro.,lote04,actualizacion_precios_lote04_pescado_marisco_con_mermas.csv
ING-0186,PEZ LIMON,5.0,,PENDIENTE,,,,2026-06-13,,Fuera de lote: pescado/marisco; reservar para revisión lote04.,lote06,actualizacion_precios_lote06_frutas_con_mermas.csv
ING-0199,ALISTADO GAMBA ROJA PEQUEÑA mercadona PARA AMERICANA,,,PENDIENTE,,,,2026-06-13,,No procesado en este lote.,lote04,actualizacion_precios_lote04_pescado_marisco_con_mermas.csv
ING-0204,BACALAO COCOCHAS,5.0,,PENDIENTE,,,,2026-06-13,,Cocochas de bacalao no localizadas con precio oficial claro.,lote04,actualizacion_precios_lote04_pescado_marisco_con_mermas.csv
ING-0208,BACALAO VENTRESCA 2K,5.0,,PENDIENTE,,,,2026-06-13,,Ventresca de bacalao no localizada con precio oficial claro.,lote04,actualizacion_precios_lote04_pescado_marisco_con_mermas.csv
ING-0222,CARNE DE NECORA 1K,0.0,,PENDIENTE,,,,2026-06-13,,Pescado/marisco: reservado para lote04 pescado y marisco.,lote03,actualizacion_precios_lote03_carnes_aves_charcuteria_con_mermas.csv
ING-0224,CAZON,35.0,,PENDIENTE,,,,2026-06-13,,Cazón no localizado con precio oficial claro.,lote04,actualizacion_precios_lote04_pescado_marisco_con_mermas.csv
ING-0225,CIGALA CABEZAS Y PINZAS 2K para fumet,0.0,,PENDIENTE,,,,2026-06-13,,"Cabezas y pinzas de cigala para fumet no localizadas; si se compra para fondo, merma operativa 0%.",lote04,actualizacion_precios_lote04_pescado_marisco_con_mermas.csv
ING-0228,COCOCHA BACALAO,,,PENDIENTE,,,,2026-06-13,,No procesado en este lote.,lote04,actualizacion_precios_lote04_pescado_marisco_con_mermas.csv
ING-0256,VIEIRA CARNE SOLO 10 PZA 800 G miroca,0.0,,PENDIENTE,,,,2026-06-13,,Pescado/marisco: reservado para lote04 pescado y marisco.,lote03,actualizacion_precios_lote03_carnes_aves_charcuteria_con_mermas.csv
ING-0259,BACALAO marinado AHUMADO EN ACEITE mercadona 110 G,0.0,,PENDIENTE,,,,2026-06-13,,Producto específico Mercadona 110 g no verificado en fuente accesible; no actualizo para evitar precio inventado.,lote04,actualizacion_precios_lote04_pescado_marisco_con_mermas.csv
ING-0260,BACALAO CALLOS SALMUERA 500G,0.0,,PENDIENTE,,,,2026-06-13,,Callos de bacalao salmuera 500 g no localizados con precio oficial claro.,lote04,actualizacion_precios_lote04_pescado_marisco_con_mermas.csv
ING-0261,BACALAO COCOCHAS 400 G,5.0,,PENDIENTE,,,,2026-06-13,,Cocochas de bacalao 400 g no localizadas con precio oficial claro.,lote04,actualizacion_precios_lote04_pescado_marisco_con_mermas.csv
ING-0264,CAPELLANS 1K,0.0,,PENDIENTE,,,,2026-06-13,,Capellans 1 kg no localizado con precio oficial claro.,lote04,actualizacion_precios_lote04_pescado_marisco_con_mermas.csv
ING-0266,COPOS DE BONITO DESHIDRATADOS,0.0,,PENDIENTE,,,,2026-06-13,,Copos de bonito deshidratados no localizados con precio oficial claro.,lote04,actualizacion_precios_lote04_pescado_marisco_con_mermas.csv
ING-0267,HIGADO BACALAO,0.0,,PENDIENTE,,,,2026-06-13,,Hígado de bacalao no localizado con precio oficial claro en las fuentes objetivo.,lote04,actualizacion_precios_lote04_pescado_marisco_con_mermas.csv
ING-0276,ACEDERA,15.0,,PENDIENTE,,,,2026-06-13,,Acedera no localizada en fuentes objetivo.,lote05,actualizacion_precios_lote05_verduras_hortalizas_con_mermas.csv
ING-0279,ACELGA ROJA,15.0,,PENDIENTE,,,,2026-06-13,,Acelga roja no localizada; no sustituyo por acelga verde sin revisión.,lote05,actualizacion_precios_lote05_verduras_hortalizas_con_mermas.csv
ING-0281,AJEDREA,10.0,,PENDIENTE,,,,2026-06-13,,Ajedrea no localizada en fuentes objetivo.,lote05,actualizacion_precios_lote05_verduras_hortalizas_con_mermas.csv
ING-0283,AJO NEGRO,5.0,,PENDIENTE,,,,2026-06-13,,Ajo negro no localizado con precio oficial claro en Makro/Consum/Mercadona.,lote05,actualizacion_precios_lote05_verduras_hortalizas_con_mermas.csv
ING-0289,ALGA AGAR AGAR EN COPOS,0.0,,PENDIENTE,,,,2026-06-13,,Agar agar en copos: reservar para lote08/12 texturizantes.,lote05,actualizacion_precios_lote05_verduras_hortalizas_con_mermas.csv
ING-0290,ALGA CODIUM,0.0,,PENDIENTE,,,,2026-06-13,,Alga codium no localizada con precio oficial claro.,lote05,actualizacion_precios_lote05_verduras_hortalizas_con_mermas.csv
ING-0291,ALGA ESPAGUETI DE MAR/ CODIUM,0.0,,PENDIENTE,,,,2026-06-13,,Alga espagueti de mar/codium no localizada con precio oficial claro en fuentes objetivo.,lote05,actualizacion_precios_lote05_verduras_hortalizas_con_mermas.csv
ING-0292,ALGA LECHUGA DE MAR SALAZON,0.0,,PENDIENTE,,,,2026-06-13,,Alga lechuga de mar salazón no localizada con precio oficial claro.,lote05,actualizacion_precios_lote05_verduras_hortalizas_con_mermas.csv
ING-0293,APIO RAIZ,25.0,,PENDIENTE,,,,2026-06-13,,Apio raíz no localizado; no sustituyo por apio rama.,lote05,actualizacion_precios_lote05_verduras_hortalizas_con_mermas.csv
ING-0298,BERROS 100 G,8.0,,PENDIENTE,,,,2026-06-13,,Berros 100 g no localizados con precio oficial claro.,lote05,actualizacion_precios_lote05_verduras_hortalizas_con_mermas.csv
ING-0304,BULBO DE HINOJO,15.0,,PENDIENTE,,,,2026-06-13,,Bulbo de hinojo no localizado con precio oficial claro.,lote05,actualizacion_precios_lote05_verduras_hortalizas_con_mermas.csv
ING-0307,CALÇOT 25PZ,30.0,,PENDIENTE,,,,2026-06-13,,Calçot 25 piezas: producto estacional; no localizado con precio oficial claro.,lote05,actualizacion_precios_lote05_verduras_hortalizas_con_mermas.csv
ING-0320,CHOI SUM ( ACELGA CHINA),15.0,,PENDIENTE,,,,2026-06-13,,Choi sum/acelga china no localizado con precio oficial claro.,lote05,actualizacion_precios_lote05_verduras_hortalizas_con_mermas.csv
ING-0322,CITRONELA LEMON-GRAS 300G,15.0,,PENDIENTE,,,,2026-06-13,,Citronela/lemon grass 300 g no localizado con precio oficial claro.,lote05,actualizacion_precios_lote05_verduras_hortalizas_con_mermas.csv
ING-0333,DIENTE DE LEON,10.0,,PENDIENTE,,,,2026-06-13,,Diente de león no localizado con precio oficial claro.,lote05,actualizacion_precios_lote05_verduras_hortalizas_con_mermas.csv
ING-0341,ESPINACAS ENTERAS,0.0,,PENDIENTE,,,,2026-06-13,,Fuera de lote: espinacas corresponde a verduras.,lote11,actualizacion_precios_lote11_bebidas_cafes_infusiones_con_mermas.csv
ING-0343,FLOR DE CALABACIN 10 UNIDADES,0.0,,PENDIENTE,,,,2026-06-13,,"Flor de calabacín 10 uds: fuente localizada era bandeja 150 g, no 10 uds exactas; revisar proveedor antes de actualizar.",lote12,actualizacion_precios_lote12_varios_decoracion_otros_con_mermas.csv
ING-0348,GERMINADO DE ALFALFA 80G makro,5.0,,PENDIENTE,,,,2026-06-13,,Germinado de alfalfa 80 g: no localizado precio oficial claro.,lote12,actualizacion_precios_lote12_varios_decoracion_otros_con_mermas.csv
ING-0349,GERMINADO DE COL ROJA 95G makro,5.0,,PENDIENTE,,,,2026-06-13,,Germinado de col roja 95 g: no localizado precio oficial claro.,lote12,actualizacion_precios_lote12_varios_decoracion_otros_con_mermas.csv
ING-0350,GERMINADO DE SOJA,,,PENDIENTE,,,,2026-06-13,,No procesado en este lote.,lote12,actualizacion_precios_lote12_varios_decoracion_otros_con_mermas.csv
ING-0351,GERMINADO RABANO 95 G,5.0,,PENDIENTE,,,,2026-06-13,,Germinado rábano 95 g: no localizado precio oficial claro.,lote12,actualizacion_precios_lote12_varios_decoracion_otros_con_mermas.csv
ING-0352,GERMINADO REMOLACHA sh,5.0,,PENDIENTE,,,,2026-06-13,,Germinado remolacha: no localizado precio oficial claro.,lote12,actualizacion_precios_lote12_varios_decoracion_otros_con_mermas.csv
ING-0353,GERMINADO WASABI,5.0,,PENDIENTE,,,,2026-06-13,,Germinado wasabi: no localizado precio oficial claro.,lote12,actualizacion_precios_lote12_varios_decoracion_otros_con_mermas.csv
ING-0360,HINOJO hierba fresca aromatica,10.0,,PENDIENTE,,,,2026-06-13,,Hinojo hierba fresca aromática: no localizado precio oficial claro.,lote12,actualizacion_precios_lote12_varios_decoracion_otros_con_mermas.csv
ING-0361,HOJA DE ROBLE,15.0,,PENDIENTE,,,,2026-06-13,,Hoja de roble: no localizado producto exacto; no sustituyo por lechuga romana/cogollo.,lote12,actualizacion_precios_lote12_varios_decoracion_otros_con_mermas.csv
ING-0362,HOJA LIMA KAFFIR 100 GR,0.0,,PENDIENTE,,,,2026-06-13,,Hoja de lima kaffir: producto aromático fuera de fruta fresca; reservar para lote09/12.,lote06,actualizacion_precios_lote06_frutas_con_mermas.csv
ING-0377,MERTENSIA ( hoja ostra) 35unidades,5.0,,PENDIENTE,,,,2026-06-13,,Mertensia/hoja de ostra: producto gourmet específico; no localizado precio oficial claro en Makro/Consum/Mercadona.,lote12,actualizacion_precios_lote12_varios_decoracion_otros_con_mermas.csv
ING-0378,MICROBROTE MIZUMA 100 g,5.0,,PENDIENTE,,,,2026-06-13,,Microbrote específico: no localizado precio oficial claro en Makro/Consum/Mercadona para este formato.,lote12,actualizacion_precios_lote12_varios_decoracion_otros_con_mermas.csv
ING-0379,MICROBROTE RABANO 50 G,5.0,,PENDIENTE,,,,2026-06-13,,Microbrote específico: no localizado precio oficial claro en Makro/Consum/Mercadona para este formato.,lote12,actualizacion_precios_lote12_varios_decoracion_otros_con_mermas.csv
ING-0380,MICROBROTE TATSOI 50G,5.0,,PENDIENTE,,,,2026-06-13,,Microbrote específico: no localizado precio oficial claro en Makro/Consum/Mercadona para este formato.,lote12,actualizacion_precios_lote12_varios_decoracion_otros_con_mermas.csv
ING-0381,MICROBROTE ZANAHORIA 50G,5.0,,PENDIENTE,,,,2026-06-13,,Microbrote específico: no localizado precio oficial claro en Makro/Consum/Mercadona para este formato.,lote12,actualizacion_precios_lote12_varios_decoracion_otros_con_mermas.csv
ING-0382,MICROMEZCLUM SUAVE 60G,5.0,,PENDIENTE,,,,2026-06-13,,Microbrote específico: no localizado precio oficial claro en Makro/Consum/Mercadona para este formato.,lote12,actualizacion_precios_lote12_varios_decoracion_otros_con_mermas.csv
ING-0390,OXALIS FLOR,5.0,,PENDIENTE,,,,2026-06-13,,Oxalis flor: no localizado precio oficial claro.,lote12,actualizacion_precios_lote12_varios_decoracion_otros_con_mermas.csv
ING-0430,SISHO VERDE HOJAS 12 unidades,5.0,,PENDIENTE,,,,2026-06-13,,Shiso verde hojas: localizado producto sin precio oficial claro en Makro España; no actualizar.,lote12,actualizacion_precios_lote12_varios_decoracion_otros_con_mermas.csv
ING-0434,TOMATE CHERRY PERA,8.0,,PENDIENTE,,,,2026-06-13,,Fuera de lote: tomate cherry pertenece a verduras; reservar para lote05 o revisión posterior.,lote06,actualizacion_precios_lote06_frutas_con_mermas.csv
ING-0438,TOMATE PERA ROJO,8.0,,PENDIENTE,,,,2026-06-13,,Fuera de lote: tomate pera pertenece a verduras; reservar para lote05 o revisión posterior.,lote06,actualizacion_precios_lote06_frutas_con_mermas.csv
ING-0453,COLMENILLAS 500G,0.0,,PENDIENTE,,,,2026-06-13,,Colmenillas 500 g no comparables con colmenilla deshidratada 75 g Makro; revisar proveedor exacto.,lote05,actualizacion_precios_lote05_verduras_hortalizas_con_mermas.csv
ING-0467,ALBARICOQUE (ABRIL-JUNIO),10.0,,PENDIENTE,,,,2026-06-13,,Albaricoque fresco estacional; no localizado precio actual claro en fuentes objetivo.,lote06,actualizacion_precios_lote06_frutas_con_mermas.csv
ING-0470,CARAMBOLA,15.0,,PENDIENTE,,,,2026-06-13,,Carambola no localizada con precio oficial claro.,lote06,actualizacion_precios_lote06_frutas_con_mermas.csv
ING-0471,CASTAÑA ( SEPT-DIC),25.0,,PENDIENTE,,,,2026-06-13,,Castaña estacional; no localizado precio actual claro.,lote06,actualizacion_precios_lote06_frutas_con_mermas.csv
ING-0472,CAVIAR CÍTRICO (FINGER LIME),5.0,,PENDIENTE,,,,2026-06-13,,Caviar cítrico/finger lime producto gourmet muy específico; no localizado precio claro en fuentes objetivo.,lote06,actualizacion_precios_lote06_frutas_con_mermas.csv
ING-0473,CEREZAS,8.0,,PENDIENTE,,,,2026-06-13,,Cereza estacional; no localizado precio actual claro en fuentes objetivo.,lote06,actualizacion_precios_lote06_frutas_con_mermas.csv
ING-0474,CHUFA SECA,0.0,,PENDIENTE,,,,2026-06-13,,Chufa seca producto específico; no localizado precio claro en Makro/Consum/Mercadona.,lote06,actualizacion_precios_lote06_frutas_con_mermas.csv
ING-0476,COCO FRESCO,60.0,,PENDIENTE,,,,2026-06-13,,Coco fresco no actualizado: no localizado precio oficial claro comparable por kg; requiere decidir si se compra por pieza.,lote06,actualizacion_precios_lote06_frutas_con_mermas.csv
ING-0480,GRANADA,45.0,,PENDIENTE,,,,2026-06-13,,Granada no localizada con precio oficial claro en fuentes objetivo.,lote06,actualizacion_precios_lote06_frutas_con_mermas.csv
ING-0481,GROSELLA ROJA 125G,1.0,,PENDIENTE,,,,2026-06-13,,Grosella roja 125 g no localizada con precio oficial claro.,lote06,actualizacion_precios_lote06_frutas_con_mermas.csv
ING-0482,GUAYABA,20.0,,PENDIENTE,,,,2026-06-13,,Guayaba no localizada con precio oficial claro.,lote06,actualizacion_precios_lote06_frutas_con_mermas.csv
ING-0483,HIGO ( SEPT-OCT),15.0,,PENDIENTE,,,,2026-06-13,,Higo fresco estacional; no localizado precio actual claro.,lote06,actualizacion_precios_lote06_frutas_con_mermas.csv
ING-0484,KAKI persimon,15.0,,PENDIENTE,,,,2026-06-13,,Kaki/persimon estacional; no localizado precio actual claro.,lote06,actualizacion_precios_lote06_frutas_con_mermas.csv
ING-0485,KIWI VERDE 1k,10.0,,PENDIENTE,,,,2026-06-13,,Kiwi verde no actualizado: fuente localizada fue kiwi amarillo; revisar si se acepta sustitución.,lote06,actualizacion_precios_lote06_frutas_con_mermas.csv
ING-0486,KUMKUAT 300G,8.0,,PENDIENTE,,,,2026-06-13,,Kumquat 300 g no localizado con precio oficial claro.,lote06,actualizacion_precios_lote06_frutas_con_mermas.csv
ING-0487,LIMA,12.0,,PENDIENTE,,,,2026-06-13,,Lima no localizada con precio oficial claro en fuentes objetivo.,lote06,actualizacion_precios_lote06_frutas_con_mermas.csv
ING-0489,LITCHIES ( NOV-ENE),25.0,,PENDIENTE,,,,2026-06-13,,Litchi estacional no localizado con precio actual claro.,lote06,actualizacion_precios_lote06_frutas_con_mermas.csv
ING-0490,MANDARINA,25.0,,PENDIENTE,,,,2026-06-13,,Mandarina no localizada en fuentes consultadas con precio claro actual.,lote06,actualizacion_precios_lote06_frutas_con_mermas.csv
ING-0494,MANZANA REINETA,12.0,,PENDIENTE,,,,2026-06-13,,Manzana reineta no localizada con precio oficial claro.,lote06,actualizacion_precios_lote06_frutas_con_mermas.csv
ING-0497,MELOCOTON AMARILLO ( MAYO),12.0,,PENDIENTE,,,,2026-06-13,,Melocotón fresco estacional; no localizado precio actual claro.,lote06,actualizacion_precios_lote06_frutas_con_mermas.csv
ING-0498,"MELON GALIA 1,2k",40.0,,PENDIENTE,,,,2026-06-13,,Melón Galia no localizado con precio actual claro.,lote06,actualizacion_precios_lote06_frutas_con_mermas.csv
ING-0500,MEMBRILLO ( OCT-ENERO),20.0,,PENDIENTE,,,,2026-06-13,,Membrillo estacional no localizado con precio actual claro.,lote06,actualizacion_precios_lote06_frutas_con_mermas.csv
ING-0502,NARANJA mesa,20.0,,PENDIENTE,,,,2026-06-13,,Naranja de mesa no localizada con precio oficial claro en consulta actual.,lote06,actualizacion_precios_lote06_frutas_con_mermas.csv
ING-0503,NARANJA SANGUINA,20.0,,PENDIENTE,,,,2026-06-13,,Naranja sanguina estacional no localizada con precio actual claro.,lote06,actualizacion_precios_lote06_frutas_con_mermas.csv
ING-0504,NECTARINA ( MAYO),12.0,,PENDIENTE,,,,2026-06-13,,Nectarina estacional no localizada con precio actual claro.,lote06,actualizacion_precios_lote06_frutas_con_mermas.csv
ING-0505,NISPERO ( ABRIL-MAYO),12.0,,PENDIENTE,,,,2026-06-13,,Níspero estacional no localizado con precio actual claro.,lote06,actualizacion_precios_lote06_frutas_con_mermas.csv
ING-0507,PERA BLANQUILLA,10.0,,PENDIENTE,,,,2026-06-13,,Pera blanquilla no localizada con precio oficial claro.,lote06,actualizacion_precios_lote06_frutas_con_mermas.csv
ING-0509,PHYSALIS 80G,5.0,,PENDIENTE,,,,2026-06-13,,Physalis 80 g no localizado con precio oficial claro.,lote06,actualizacion_precios_lote06_frutas_con_mermas.csv
ING-0511,PITAHAYA ROJA pieza 300-500 g,35.0,,PENDIENTE,,,,2026-06-13,,Pitahaya roja no localizada con precio actual claro.,lote06,actualizacion_precios_lote06_frutas_con_mermas.csv
ING-0515,SANDIA RALLADA SIN PEPITAS,40.0,,PENDIENTE,,,,2026-06-13,,Sandía rallada/sin pepitas no localizada con precio oficial claro.,lote06,actualizacion_precios_lote06_frutas_con_mermas.csv
ING-0516,TAMARINDO 150g,45.0,,PENDIENTE,,,,2026-06-13,,Tamarindo 150 g no localizado con precio oficial claro.,lote06,actualizacion_precios_lote06_frutas_con_mermas.csv
ING-0517,UVA BLANCA,5.0,,PENDIENTE,,,,2026-06-13,,Uva blanca no localizada con precio oficial claro en consulta actual.,lote06,actualizacion_precios_lote06_frutas_con_mermas.csv
ING-0518,UVA ROJA,5.0,,PENDIENTE,,,,2026-06-13,,Uva roja no localizada con precio oficial claro en consulta actual.,lote06,actualizacion_precios_lote06_frutas_con_mermas.csv
ING-0520,ACETATO ROLLO8 CM X 50 M,0.0,,PENDIENTE,,,,2026-06-13,,"Material de presentación, envase o consumible. Reservar para lote específico de packaging/costes indirectos; no actualizar como ingrediente.",lote08,actualizacion_precios_lote08_pasteleria_frutos_secos_chocolate_con_mermas.csv
ING-0522,AGUA DE AZAHAR 1L,0.0,,PENDIENTE,,,,2026-06-13,,Agua de azahar 1 L no localizada con precio oficial claro; no sustituyo por aroma pequeño de repostería.,lote08,actualizacion_precios_lote08_pasteleria_frutos_secos_chocolate_con_mermas.csv
ING-0524,ALBUMINA EN POLVO 5OO G SOSA,0.0,,PENDIENTE,,,,2026-06-13,,Albúmina en polvo Sosa 500 g no localizada con precio oficial claro en fuentes objetivo.,lote08,actualizacion_precios_lote08_pasteleria_frutos_secos_chocolate_con_mermas.csv
ING-0534,AZUCAR ANTIAPELMA.15kg,,,PENDIENTE,,,,2026-06-13,,No localizado formato profesional 15 kg con precio oficial claro en Makro/Consum/Mercadona.,lote02,actualizacion_precios_lote2_con_mermas.csv
ING-0535,AZUCAR ANTIHUMEDAD 5K,,,PENDIENTE,,,,2026-06-13,,No localizado producto antihumedad 5 kg con precio oficial claro en Makro/Consum/Mercadona.,lote02,actualizacion_precios_lote2_con_mermas.csv
ING-0537,AZÚCAR ISOMALT800G,,,PENDIENTE,,,,2026-06-13,,No localizado isomalt 800 g con precio oficial claro en Makro/Consum/Mercadona.,lote02,actualizacion_precios_lote2_con_mermas.csv
ING-0539,BANDEJA 16X23,0.0,,PENDIENTE,,,,2026-06-13,,"Material de presentación, envase o consumible. Reservar para lote específico de packaging/costes indirectos; no actualizar como ingrediente.",lote08,actualizacion_precios_lote08_pasteleria_frutos_secos_chocolate_con_mermas.csv
ING-0540,BANDEJA BLANCA CARTON 30X40,0.0,,PENDIENTE,,,,2026-06-13,,"Material de presentación, envase o consumible. Reservar para lote específico de packaging/costes indirectos; no actualizar como ingrediente.",lote08,actualizacion_precios_lote08_pasteleria_frutos_secos_chocolate_con_mermas.csv
ING-0541,BANDEJA DORADA 25X27cm 100U,0.0,,PENDIENTE,,,,2026-06-13,,"Material de presentación/envase; reservar para lote de packaging o costes indirectos, no ingrediente.",lote04,actualizacion_precios_lote04_pescado_marisco_con_mermas.csv
ING-0542,BANDEJA DORADAnº3 12 X 19 100U,0.0,,PENDIENTE,,,,2026-06-13,,"Material de presentación/envase; reservar para lote de packaging o costes indirectos, no ingrediente.",lote04,actualizacion_precios_lote04_pescado_marisco_con_mermas.csv
ING-0543,BANDEJAS 32 CM,0.0,,PENDIENTE,,,,2026-06-13,,"Material de presentación, envase o consumible. Reservar para lote específico de packaging/costes indirectos; no actualizar como ingrediente.",lote08,actualizacion_precios_lote08_pasteleria_frutos_secos_chocolate_con_mermas.csv
ING-0545,BLONDAS 18 CM,0.0,,PENDIENTE,,,,2026-06-13,,"Material de presentación, envase o consumible. Reservar para lote específico de packaging/costes indirectos; no actualizar como ingrediente.",lote08,actualizacion_precios_lote08_pasteleria_frutos_secos_chocolate_con_mermas.csv
ING-0546,BLONDAS/ RODAL 32 CM 100 UNID,0.0,,PENDIENTE,,,,2026-06-13,,"Material de presentación, envase o consumible. Reservar para lote específico de packaging/costes indirectos; no actualizar como ingrediente.",lote08,actualizacion_precios_lote08_pasteleria_frutos_secos_chocolate_con_mermas.csv
ING-0547,CABELLO ANGEL,0.0,,PENDIENTE,,,,2026-06-13,,Cabello de ángel no localizado con precio oficial claro en fuentes objetivo.,lote08,actualizacion_precios_lote08_pasteleria_frutos_secos_chocolate_con_mermas.csv
ING-0550,CAJA CON VENTANA 20X15X7 50U,0.0,,PENDIENTE,,,,2026-06-13,,"Material de presentación, envase o consumible. Reservar para lote específico de packaging/costes indirectos; no actualizar como ingrediente.",lote08,actualizacion_precios_lote08_pasteleria_frutos_secos_chocolate_con_mermas.csv
ING-0551,CAJA cuadrada TARTA 28x28x8 50u,0.0,,PENDIENTE,,,,2026-06-13,,"Material de presentación, envase o consumible. Reservar para lote específico de packaging/costes indirectos; no actualizar como ingrediente.",lote08,actualizacion_precios_lote08_pasteleria_frutos_secos_chocolate_con_mermas.csv
ING-0552,CAJA HEXAGONAL C/ASAS 23CM 50U,0.0,,PENDIENTE,,,,2026-06-13,,"Material de presentación, envase o consumible. Reservar para lote específico de packaging/costes indirectos; no actualizar como ingrediente.",lote08,actualizacion_precios_lote08_pasteleria_frutos_secos_chocolate_con_mermas.csv
ING-0555,CAPSULAS MADALENAS papel mercadona,0.0,,PENDIENTE,,,,2026-06-13,,"Material de presentación, envase o consumible. Reservar para lote específico de packaging/costes indirectos; no actualizar como ingrediente.",lote08,actualizacion_precios_lote08_pasteleria_frutos_secos_chocolate_con_mermas.csv
ING-0556,CARGAS SIFON 24Unida,0.0,,PENDIENTE,,,,2026-06-13,,"Material de presentación, envase o consumible. Reservar para lote específico de packaging/costes indirectos; no actualizar como ingrediente.",lote08,actualizacion_precios_lote08_pasteleria_frutos_secos_chocolate_con_mermas.csv
ING-0557,CARGAS SODA 10UN,0.0,,PENDIENTE,,,,2026-06-13,,"Material de presentación, envase o consumible. Reservar para lote específico de packaging/costes indirectos; no actualizar como ingrediente.",lote08,actualizacion_precios_lote08_pasteleria_frutos_secos_chocolate_con_mermas.csv
ING-0558,CASTAÑA CONGELADA 1k,0.0,,PENDIENTE,,,,2026-06-13,,Castaña congelada 1 kg no localizada con precio oficial claro en fuentes objetivo.,lote08,actualizacion_precios_lote08_pasteleria_frutos_secos_chocolate_con_mermas.csv
ING-0566,COCO EN POLVO,0.0,,PENDIENTE,,,,2026-06-13,,Coco en polvo: no localizado producto exacto; no sustituyo por coco rallado.,lote12,actualizacion_precios_lote12_varios_decoracion_otros_con_mermas.csv
ING-0568,COLORANTE Amarillo huevo PASTA 200G,0.0,,PENDIENTE,,,,2026-06-13,,"Colorante en pasta 200 g: no actualizado porque las fuentes localizadas eran colorantes en polvo/laca, no el formato exacto de pasta.",lote12,actualizacion_precios_lote12_varios_decoracion_otros_con_mermas.csv
ING-0569,COLORANTE BLANCO PASTA COSMO,0.0,,PENDIENTE,,,,2026-06-13,,"Colorante en pasta 200 g: no actualizado porque las fuentes localizadas eran colorantes en polvo/laca, no el formato exacto de pasta.",lote12,actualizacion_precios_lote12_varios_decoracion_otros_con_mermas.csv
ING-0570,COLORANTE MARRON PASTA 200G,0.0,,PENDIENTE,,,,2026-06-13,,"Colorante en pasta 200 g: no actualizado porque las fuentes localizadas eran colorantes en polvo/laca, no el formato exacto de pasta.",lote12,actualizacion_precios_lote12_varios_decoracion_otros_con_mermas.csv
ING-0571,COLORANTE NARANJA PASTA 200 G,0.0,,PENDIENTE,,,,2026-06-13,,"Colorante en pasta 200 g: no actualizado porque las fuentes localizadas eran colorantes en polvo/laca, no el formato exacto de pasta.",lote12,actualizacion_precios_lote12_varios_decoracion_otros_con_mermas.csv
ING-0572,COLORANTE NEGRO PASTA 200 G,0.0,,PENDIENTE,,,,2026-06-13,,"Colorante en pasta 200 g: no actualizado porque las fuentes localizadas eran colorantes en polvo/laca, no el formato exacto de pasta.",lote12,actualizacion_precios_lote12_varios_decoracion_otros_con_mermas.csv
ING-0573,COLORANTE ROJO PASTA 200G,0.0,,PENDIENTE,,,,2026-06-13,,"Colorante en pasta 200 g: no actualizado porque las fuentes localizadas eran colorantes en polvo/laca, no el formato exacto de pasta.",lote12,actualizacion_precios_lote12_varios_decoracion_otros_con_mermas.csv
ING-0574,COLORANTE VERDE PASTA 200G,0.0,,PENDIENTE,,,,2026-06-13,,"Colorante en pasta 200 g: no actualizado porque las fuentes localizadas eran colorantes en polvo/laca, no el formato exacto de pasta.",lote12,actualizacion_precios_lote12_varios_decoracion_otros_con_mermas.csv
ING-0575,COLORANTE VIOLETA PASTA (AZUL),0.0,,PENDIENTE,,,,2026-06-13,,"Colorante en pasta 200 g: no actualizado porque las fuentes localizadas eran colorantes en polvo/laca, no el formato exacto de pasta.",lote12,actualizacion_precios_lote12_varios_decoracion_otros_con_mermas.csv
ING-0576,COLORANTEAMARILLO LIMÓN PASTA 200g,0.0,,PENDIENTE,,,,2026-06-13,,"Colorante en pasta 200 g: no actualizado porque las fuentes localizadas eran colorantes en polvo/laca, no el formato exacto de pasta.",lote12,actualizacion_precios_lote12_varios_decoracion_otros_con_mermas.csv
ING-0577,CONFITURA FRAMBUESA 3K,0.0,,PENDIENTE,,,,2026-06-13,,Confitura frambuesa 3 kg: reservar para lote08/lote09 conservas y pastelería.,lote06,actualizacion_precios_lote06_frutas_con_mermas.csv
ING-0579,DEXTROSA 600g,0.0,,PENDIENTE,,,,2026-06-13,,Dextrosa 600 g no localizada con precio oficial claro en fuentes objetivo.,lote08,actualizacion_precios_lote08_pasteleria_frutos_secos_chocolate_con_mermas.csv
ING-0580,DISCO DORADA 21cm redonda 100 U,0.0,,PENDIENTE,,,,2026-06-13,,"Material de presentación/envase; reservar para lote de packaging o costes indirectos, no ingrediente.",lote04,actualizacion_precios_lote04_pescado_marisco_con_mermas.csv
ING-0581,DISCO ORO BOR LISO 26 CM,0.0,,PENDIENTE,,,,2026-06-13,,"Material de presentación, envase o consumible. Reservar para lote específico de packaging/costes indirectos; no actualizar como ingrediente.",lote08,actualizacion_precios_lote08_pasteleria_frutos_secos_chocolate_con_mermas.csv
ING-0582,DULCE BONIATO,0.0,,PENDIENTE,,,,2026-06-13,,Dulce de boniato: reservar para lote08 pastelería.,lote05,actualizacion_precios_lote05_verduras_hortalizas_con_mermas.csv
ING-0583,FARTONS,0.0,,PENDIENTE,,,,2026-06-13,,Fartons no localizado con precio oficial claro en fuentes objetivo.,lote08,actualizacion_precios_lote08_pasteleria_frutos_secos_chocolate_con_mermas.csv
ING-0586,FRAMBUESA BRISURA congelada,0.0,,PENDIENTE,,,,2026-06-13,,Frambuesa brisura congelada: no localizada como producto exacto; revisar proveedor profesional.,lote06,actualizacion_precios_lote06_frutas_con_mermas.csv
ING-0587,FRESA LIOFILIZADA 50G,0.0,,PENDIENTE,,,,2026-06-13,,Fresa liofilizada 50 g: reservar para lote08 pastelería; no localizado precio claro en fuentes objetivo.,lote06,actualizacion_precios_lote06_frutas_con_mermas.csv
ING-0588,FRESÓN CONGELADO 1K,0.0,,PENDIENTE,,,,2026-06-13,,Fresón congelado: reservar para revisión de fruta congelada; no localizado equivalente exacto.,lote10,actualizacion_precios_lote10_panes_masas_congelados_precocinados_con_mermas.csv
ING-0591,"GEL BRILLO CUBO 1,4K",0.0,,PENDIENTE,,,,2026-06-13,,"Gel brillo cubo 1,4 kg no localizado con precio oficial claro en fuentes objetivo.",lote08,actualizacion_precios_lote08_pasteleria_frutos_secos_chocolate_con_mermas.csv
ING-0593,GLUCOSA 3K,0.0,,PENDIENTE,,,,2026-06-13,,Glucosa 3 kg no localizada con precio oficial claro en fuentes objetivo.,lote08,actualizacion_precios_lote08_pasteleria_frutos_secos_chocolate_con_mermas.csv
ING-0594,GUINDAS ROJAS 160g,0.0,,PENDIENTE,,,,2026-06-13,,Guindas rojas 160 g no localizadas con precio oficial claro en fuentes objetivo.,lote08,actualizacion_precios_lote08_pasteleria_frutos_secos_chocolate_con_mermas.csv
ING-0595,HARINA CENTENO 5K,,,PENDIENTE,,,,2026-06-13,,No localizado formato harina de centeno 5 kg con precio oficial claro en Makro/Consum/Mercadona.,lote02,actualizacion_precios_lote2_con_mermas.csv
ING-0596,HARINA DE CENTENO INTEGRAL 5K,,,PENDIENTE,,,,2026-06-13,,No localizado formato harina de centeno integral 5 kg con precio oficial claro en Makro/Consum/Mercadona.,lote02,actualizacion_precios_lote2_con_mermas.csv
ING-0602,HIGO SECO,0.0,,PENDIENTE,,,,2026-06-13,,Higo seco: reservar para lote08 pastelería/frutos secos.,lote06,actualizacion_precios_lote06_frutas_con_mermas.csv
ING-0603,HORCHATA CONCENTRADA,0.0,,PENDIENTE,,,,2026-06-13,,Horchata concentrada no localizada con precio oficial claro en fuentes objetivo.,lote08,actualizacion_precios_lote08_pasteleria_frutos_secos_chocolate_con_mermas.csv
ING-0611,LECHE ENTERA DOBLE CREMA CAPUCHINO,,,PENDIENTE,,,,2026-06-13,,No actualizado: no he encontrado equivalente claro. Evito usar nata/derivado lácteo 35% porque cambiaría demasiado el coste y uso técnico.,lote02,actualizacion_precios_lote2_con_mermas.csv
ING-0626,"MEJORANTE PANARIO 7,5k",0.0,,PENDIENTE,,,,2026-06-13,,"Mejorante panario 7,5 kg: no localizado precio oficial claro.",lote10,actualizacion_precios_lote10_panes_masas_congelados_precocinados_con_mermas.csv
ING-0628,MERMELADA DE ARANDANOS 1K makro,0.0,,PENDIENTE,,,,2026-06-13,,Mermelada de arándanos: reservar para lote08/lote09 conservas.,lote06,actualizacion_precios_lote06_frutas_con_mermas.csv
ING-0629,MERMELADA DE NARANJA AMARGA 800 g makro,0.0,,PENDIENTE,,,,2026-06-13,,Mermelada de naranja amarga: reservar para lote08/lote09 conservas.,lote06,actualizacion_precios_lote06_frutas_con_mermas.csv
ING-0631,MERMELADA FRESA decofrut DIEXPA 3K,0.0,,PENDIENTE,,,,2026-06-13,,Mermelada fresa Decofrut: reservar para lote08/lote09 conservas.,lote06,actualizacion_precios_lote06_frutas_con_mermas.csv
ING-0632,MERMELADA ALBARICOQUE 800G makro,0.0,,PENDIENTE,,,,2026-06-13,,Mermelada albaricoque: reservar para lote08/lote09 conservas.,lote06,actualizacion_precios_lote06_frutas_con_mermas.csv
ING-0642,PAN COLORES MINI HAMBURGUESA 195 G X 15 UNI,0.0,,PENDIENTE,,,,2026-06-13,,Pan colores mini hamburguesa: no localizado equivalente claro; no sustituyo por pan mini normal.,lote10,actualizacion_precios_lote10_panes_masas_congelados_precocinados_con_mermas.csv
ING-0643,PAN DE ORO 25U,0.0,,PENDIENTE,,,,2026-06-13,,"Pan de oro 25 uds: producto de decoración, reservar para lote12/packaging.",lote10,actualizacion_precios_lote10_panes_masas_congelados_precocinados_con_mermas.csv
ING-0646,PAN MINI PITA PRECOCIDO 432G,0.0,,PENDIENTE,,,,2026-06-13,,Pan mini pita precocido 432 g: no localizado precio oficial claro.,lote10,actualizacion_precios_lote10_panes_masas_congelados_precocinados_con_mermas.csv
ING-0649,PAN PRECOCINADO PULGITA 48G 20 U MAKRO,0.0,,PENDIENTE,,,,2026-06-13,,Pulguita 48 g x 20: no localizado formato exacto; no actualizo con panecillo distinto.,lote10,actualizacion_precios_lote10_panes_masas_congelados_precocinados_con_mermas.csv
ING-0650,PAN ROMBO PINCHO ORIO 30 UN MAKRO,0.0,,PENDIENTE,,,,2026-06-13,,Pan rombo pincho Orio 30 uds: no localizado equivalente oficial claro.,lote10,actualizacion_precios_lote10_panes_masas_congelados_precocinados_con_mermas.csv
ING-0651,PAPEL ENVOLVER polvorones,0.0,,PENDIENTE,,,,2026-06-13,,Papel envolver polvorones: material de packaging; reservar para costes indirectos/envases.,lote12,actualizacion_precios_lote12_varios_decoracion_otros_con_mermas.csv
ING-0654,PASTA AVELLANAS 1K,0.0,,PENDIENTE,,,,2026-06-13,,Pasta de avellanas 1 kg: reservar para lote08 pastelería/frutos secos.,lote10,actualizacion_precios_lote10_panes_masas_congelados_precocinados_con_mermas.csv
ING-0662,PURE ALBARICOQUE 1K,0.0,,PENDIENTE,,,,2026-06-13,,Puré albaricoque 1 kg no localizado con precio oficial claro.,lote06,actualizacion_precios_lote06_frutas_con_mermas.csv
ING-0664,PURE HIGOS 1K,0.0,,PENDIENTE,,,,2026-06-13,,Puré de higos 1 kg no localizado con precio oficial claro.,lote06,actualizacion_precios_lote06_frutas_con_mermas.csv
ING-0675,QUESO GORGONZOLA 170 g mercadona,0.0,,PENDIENTE,,,,2026-06-13,,Gorgonzola 170 g Mercadona no verificado en fuentes objetivo. No sustituyo por queso azul genérico sin revisión.,lote07,actualizacion_precios_lote07_lacteos_quesos_huevos_con_mermas.csv
ING-0688,QUESO TROCHON,0.0,,PENDIENTE,,,,2026-06-13,,Queso Tronchón/Trochon no localizado con precio oficial claro en fuentes objetivo.,lote07,actualizacion_precios_lote07_lacteos_quesos_huevos_con_mermas.csv
ING-0690,"SIROPE FRESA 1,2l",0.0,,PENDIENTE,,,,2026-06-13,,Sirope fresa: reservar para lote08/lote09 pastelería/salsas.,lote06,actualizacion_precios_lote06_frutas_con_mermas.csv
ING-0702,SOSA TEXTURAS CRUTOMAT 400G,0.0,,PENDIENTE,,,,2026-06-13,,Sosa Crutomat 400 g: no localizado precio oficial claro en Makro/Consum/Mercadona.,lote12,actualizacion_precios_lote12_varios_decoracion_otros_con_mermas.csv
ING-0712,ACEITE NUEZ,,,PENDIENTE,,,,2026-06-13,,No encontrado precio oficial claro en Makro/Consum/Mercadona en esta primera búsqueda. Revisar proveedor alternativo o sustituir por aceite de frutos secos disponible.,lote01,actualizacion_precios_lote1_10_con_mermas.csv
ING-0717,ACEITUNA GORDAL,0.0,,PENDIENTE,,,,2026-06-13,,Aceituna gordal: no localizado equivalente claro en formato profesional; no sustituyo por verdial/manzanilla.,lote09,actualizacion_precios_lote09_almacen_seco_conservas_salsas_con_mermas.csv
ING-0718,ACEITUNA NEGRA S/H.SERPIS LT2K,0.0,,PENDIENTE,,,,2026-06-13,,Aceituna negra Serpis lata 2 kg: no localizado formato exacto; no sustituyo por lata retail 130-150 g sin revisión.,lote09,actualizacion_precios_lote09_almacen_seco_conservas_salsas_con_mermas.csv
ING-0722,ALCAPARRAS CAPUC DELICIA FC 1250,0.0,,PENDIENTE,,,,2026-06-13,,Alcaparras Capuc Delicia formato grande no localizado con precio oficial claro.,lote09,actualizacion_precios_lote09_almacen_seco_conservas_salsas_con_mermas.csv
ING-0723,ALCAPARRAS.CAPUCC.SARASA FC.80,0.0,,PENDIENTE,,,,2026-06-13,,Alcaparras capuccinas 80 g no localizadas con precio oficial claro.,lote09,actualizacion_precios_lote09_almacen_seco_conservas_salsas_con_mermas.csv
ING-0724,ALCAPARRON 360G,0.0,,PENDIENTE,,,,2026-06-13,,Alcaparrón 360 g no localizado con precio oficial claro.,lote09,actualizacion_precios_lote09_almacen_seco_conservas_salsas_con_mermas.csv
ING-0725,ALGA ESPAGUETI DE MAR,0.0,,PENDIENTE,,,,2026-06-13,,Alga espagueti de mar no localizada con precio oficial claro.,lote09,actualizacion_precios_lote09_almacen_seco_conservas_salsas_con_mermas.csv
ING-0726,ALGAS NORI HIDEKO 28G 10 LAMINAS,0.0,,PENDIENTE,,,,2026-06-13,,Algas nori Hideko 28 g no localizadas con precio oficial claro.,lote09,actualizacion_precios_lote09_almacen_seco_conservas_salsas_con_mermas.csv
ING-0739,ARROZ ROJO,,,PENDIENTE,,,,2026-06-13,,No localizado precio oficial claro en Makro/Consum/Mercadona para esta revisión.,lote02,actualizacion_precios_lote2_con_mermas.csv
ING-0749,CEBOLLITAS ENCURTIDAS,0.0,,PENDIENTE,,,,2026-06-13,,Cebollitas encurtidas: no localizado precio oficial claro en fuentes objetivo.,lote09,actualizacion_precios_lote09_almacen_seco_conservas_salsas_con_mermas.csv
ING-0753,ENCURTIDOS MIX PICADILLO,0.0,,PENDIENTE,,,,2026-06-13,,Encurtidos mix/picadillo: no localizado equivalente claro.,lote09,actualizacion_precios_lote09_almacen_seco_conservas_salsas_con_mermas.csv
ING-0756,"ESPARRAGOS BLANCO TALLO 1,5 K",0.0,,PENDIENTE,,,,2026-06-13,,Espárrago blanco conserva: reservar para lote09 almacén seco/conservas.,lote05,actualizacion_precios_lote05_verduras_hortalizas_con_mermas.csv
ING-0757,ESPARRAGOS P.B.9-12 ARO LT 500,0.0,,PENDIENTE,,,,2026-06-13,,Espárrago P.B. 9/12 ARO 500 g: no localizado formato exacto con precio actual.,lote09,actualizacion_precios_lote09_almacen_seco_conservas_salsas_con_mermas.csv
ING-0759,ESPECIAS BAYAS DE ENEBRO 275 G,0.0,,PENDIENTE,,,,2026-06-13,,Bayas de enebro 275 g: no localizado formato claro; revisar proveedor profesional.,lote09,actualizacion_precios_lote09_almacen_seco_conservas_salsas_con_mermas.csv
ING-0760,ESPECIAS CARDAMOMO 225 g,0.0,,PENDIENTE,,,,2026-06-13,,Cardamomo 225 g: no localizado formato claro; revisar proveedor profesional.,lote09,actualizacion_precios_lote09_almacen_seco_conservas_salsas_con_mermas.csv
ING-0762,ESPECIAS CEBOLLA EN POLVO 60 GR,0.0,,PENDIENTE,,,,2026-06-13,,Cebolla en polvo 60 g: no localizado precio oficial claro.,lote09,actualizacion_precios_lote09_almacen_seco_conservas_salsas_con_mermas.csv
ING-0764,ESPECIAS CLAVO MOLIDO,0.0,,PENDIENTE,,,,2026-06-13,,Clavo molido: no localizado precio oficial claro; no sustituyo por clavo entero.,lote09,actualizacion_precios_lote09_almacen_seco_conservas_salsas_con_mermas.csv
ING-0769,ESPECIAS ENELDO SECO,0.0,,PENDIENTE,,,,2026-06-13,,Eneldo seco: no localizado precio oficial claro en fuentes objetivo.,lote09,actualizacion_precios_lote09_almacen_seco_conservas_salsas_con_mermas.csv
ING-0773,ESPECIAS PIMIENTA BLANCA MOLIDA 550G,0.0,,PENDIENTE,,,,2026-06-13,,Pimienta blanca molida 550 g: no localizado formato claro; no sustituyo por pimienta negra.,lote09,actualizacion_precios_lote09_almacen_seco_conservas_salsas_con_mermas.csv
ING-0774,ESPECIAS PIMIENTA JAMAICA 50 G,0.0,,PENDIENTE,,,,2026-06-13,,Pimienta Jamaica 50 g: no localizado precio oficial claro.,lote09,actualizacion_precios_lote09_almacen_seco_conservas_salsas_con_mermas.csv
ING-0775,ESPECIAS PIMIENTA NEGRA ENTERA 500 G,0.0,,PENDIENTE,,,,2026-06-13,,Pimienta negra entera 500 g: no localizado formato claro; no sustituyo por molida.,lote09,actualizacion_precios_lote09_almacen_seco_conservas_salsas_con_mermas.csv
ING-0776,ESPECIAS PIMIENTA ROSA,0.0,,PENDIENTE,,,,2026-06-13,,Pimienta rosa: no localizado precio oficial claro.,lote09,actualizacion_precios_lote09_almacen_seco_conservas_salsas_con_mermas.csv
ING-0778,ESPECIAS ROMERO,0.0,,PENDIENTE,,,,2026-06-13,,Romero seco: no localizado precio oficial claro en fuentes objetivo.,lote09,actualizacion_precios_lote09_almacen_seco_conservas_salsas_con_mermas.csv
ING-0779,ESPECIAS SEMILLAS CILANTRO 250 G,0.0,,PENDIENTE,,,,2026-06-13,,Semillas de cilantro 250 g: no localizado precio oficial claro en fuentes objetivo.,lote09,actualizacion_precios_lote09_almacen_seco_conservas_salsas_con_mermas.csv
ING-0780,ESPECIAS TOMILLO,0.0,,PENDIENTE,,,,2026-06-13,,Tomillo seco: no localizado precio oficial claro en fuentes objetivo.,lote09,actualizacion_precios_lote09_almacen_seco_conservas_salsas_con_mermas.csv
ING-0782,ESPIRULINA,0.0,,PENDIENTE,,,,2026-06-13,,Espirulina no localizada con precio oficial claro en fuentes objetivo.,lote09,actualizacion_precios_lote09_almacen_seco_conservas_salsas_con_mermas.csv
ING-0783,ESTERILLA SUSHI,0.0,,PENDIENTE,,,,2026-06-13,,Esterilla sushi es material/utensilio; no actualizar como ingrediente.,lote09,actualizacion_precios_lote09_almacen_seco_conservas_salsas_con_mermas.csv
ING-0784,FABES ASTURIANAS,0.0,,PENDIENTE,,,,2026-06-13,,Fabes asturianas: no localizado equivalente claro de fabes secas; no sustituyo por fabada preparada.,lote09,actualizacion_precios_lote09_almacen_seco_conservas_salsas_con_mermas.csv
ING-0814,MERMELADA FRAMBUESA 340g mercadona,0.0,,PENDIENTE,,,,2026-06-13,,Mermelada frambuesa Mercadona: reservar para lote08/lote09; requiere consulta específica.,lote06,actualizacion_precios_lote06_frutas_con_mermas.csv
ING-0829,PAN TOSTADO MINI BISCOTES 320G,0.0,,PENDIENTE,,,,2026-06-13,,Mini biscotes 320 g: no localizado equivalente oficial claro.,lote10,actualizacion_precios_lote10_panes_masas_congelados_precocinados_con_mermas.csv
ING-0838,PASTA LASAÑA BLANCA 18X10,0.0,,PENDIENTE,,,,2026-06-13,,Pasta lasaña blanca 18x10: no localizado equivalente exacto; no sustituyo por lasaña normal.,lote10,actualizacion_precios_lote10_panes_masas_congelados_precocinados_con_mermas.csv
ING-0839,PASTA LASAÑA VERDE 18 U,0.0,,PENDIENTE,,,,2026-06-13,,Pasta lasaña verde 18 uds: no localizado equivalente exacto; no sustituyo por lasaña normal.,lote10,actualizacion_precios_lote10_panes_masas_congelados_precocinados_con_mermas.csv
ING-0841,PASTA PACCHERI 500 GRAMOS,0.0,,PENDIENTE,,,,2026-06-13,,Pasta paccheri 500 g: no localizado precio claro; revisar proveedor italiano.,lote10,actualizacion_precios_lote10_panes_masas_congelados_precocinados_con_mermas.csv
ING-0843,PASTA TAMARINDO,0.0,,PENDIENTE,,,,2026-06-13,,Pasta de tamarindo: no es pasta alimentaria seca; reservar para lote09/salsas asiáticas.,lote10,actualizacion_precios_lote10_panes_masas_congelados_precocinados_con_mermas.csv
ING-0845,PATE CERDO la piara LT 800g,0.0,,PENDIENTE,,,,2026-06-13,,Paté de cerdo formato 800 g no localizado con precio oficial claro en Makro/Consum/Mercadona.,lote03,actualizacion_precios_lote03_carnes_aves_charcuteria_con_mermas.csv
ING-0848,"PERA EN ALMIBAR 1,5k",0.0,,PENDIENTE,,,,2026-06-13,,Pera en almíbar: reservar para lote09 conservas de frutas.,lote06,actualizacion_precios_lote06_frutas_con_mermas.csv
ING-0860,REGALIZ EN POLVO 750,0.0,,PENDIENTE,,,,2026-06-13,,Regaliz en polvo 750 g: no localizado precio oficial claro.,lote12,actualizacion_precios_lote12_varios_decoracion_otros_con_mermas.csv
ING-0909,VINAGRE MANZANA 750ML,0.0,,PENDIENTE,,,,2026-06-13,,Fuera de lote: vinagre de manzana; reservar para lote09 almacén seco.,lote06,actualizacion_precios_lote06_frutas_con_mermas.csv
ING-0910,WASABI EN POLVO 35G,0.0,,PENDIENTE,,,,2026-06-13,,Wasabi en polvo 35 g: no localizado precio oficial claro; no sustituir por pasta wasabi.,lote12,actualizacion_precios_lote12_varios_decoracion_otros_con_mermas.csv
ING-0926,BRANDY DON PABLO cocina,0.0,,PENDIENTE,,,,2026-06-13,,Brandy Don Pablo cocina: no localizado precio oficial claro. No sustituyo por brandy genérico sin confirmación.,lote11,actualizacion_precios_lote11_bebidas_cafes_infusiones_con_mermas.csv
ING-0928,BRANDY MASCARÓ,0.0,,PENDIENTE,,,,2026-06-13,,Brandy Mascaró: no localizado precio oficial claro en fuentes objetivo.,lote11,actualizacion_precios_lote11_bebidas_cafes_infusiones_con_mermas.csv
ING-0938,CAVA BRUT cocina,0.0,,PENDIENTE,,,,2026-06-13,,Cava brut cocina: no localizado equivalente económico claro con precio oficial. Mejor revisar proveedor exacto.,lote11,actualizacion_precios_lote11_bebidas_cafes_infusiones_con_mermas.csv
ING-0946,COCA COLA LATA,0.0,,PENDIENTE,,,,2026-06-13,,Bebida: reservar para lote11 bebidas.,lote05,actualizacion_precios_lote05_verduras_hortalizas_con_mermas.csv
ING-0969,REFRESCO LIMON fanta 35cl 24 u,0.0,,PENDIENTE,,,,2026-06-13,,Fuera de lote: bebida/refresco; reservar para lote11 bebidas.,lote06,actualizacion_precios_lote06_frutas_con_mermas.csv
ING-0970,REFRESCO NARANJA 35cl 24 u,0.0,,PENDIENTE,,,,2026-06-13,,Fuera de lote: bebida/refresco; reservar para lote11 bebidas.,lote06,actualizacion_precios_lote06_frutas_con_mermas.csv
ING-0971,REFRESCO LIMON FANTA LATA 33cl x 24,0.0,,PENDIENTE,,,,2026-06-13,,Fuera de lote: bebida/refresco; reservar para lote11 bebidas.,lote06,actualizacion_precios_lote06_frutas_con_mermas.csv
ING-0972,REFRESCO NARANJA LATA 33cl x 24,0.0,,PENDIENTE,,,,2026-06-13,,Fuera de lote: bebida/refresco; reservar para lote11 bebidas.,lote06,actualizacion_precios_lote06_frutas_con_mermas.csv
